{
  "centroids": {
    "logic": [
      -0.14377763962145534,
      0.029065403118862642
    ],
    "creative": [
      0.14377763962145532,
      -0.02906540311886263
    ]
  },
  "dist_near": 0.1309566548503505,
  "dist_far": 0.3714926963461636,
  "route_by_regime": true,
  "chat_regime": "logic"
}