{
  "centroids": {
    "logic": [
      -0.14378179902353772,
      0.029056269380406192
    ],
    "creative": [
      0.14378179902353772,
      -0.029056269380406202
    ]
  },
  "dist_near": 0.13079885035979646,
  "dist_far": 0.3717843665500434,
  "route_by_regime": true,
  "chat_regime": "logic"
}