{
  "centroids": {
    "creative": [
      0.23654947321221878,
      0.02098830654207451
    ],
    "logic": [
      -0.3379278188745983,
      -0.029983295060106434
    ]
  },
  "dist_near": 0.21752479575443878,
  "dist_far": 0.465658947417792
}